seq,wake_latency_us,exec_us,period_us
0,1229.33,2.21,0.00
1,3844.75,1.83,10948.75
2,3532.59,1.54,8021.17
3,3188.59,2.00,7989.33
4,2858.50,1.42,8003.25
5,4028.67,1.29,9503.50
6,1007.25,1.29,5311.92
7,3650.30,1.08,10976.38
8,1919.71,1.96,6602.75
9,2053.67,1.58,8467.29
10,2890.92,1.58,9170.58
11,969.05,1.54,6411.46
12,3407.59,1.42,10771.88
13,1960.26,22.29,6886.00
14,3090.63,1.50,9463.71
15,1994.01,1.21,7236.71
16,3453.67,1.08,9793.00
17,3723.88,1.08,8603.54
18,1872.84,1.12,6482.29
19,907.67,0.96,7368.17
20,2855.80,1.50,10281.46
21,2074.51,1.21,7552.04
22,3410.13,1.21,9668.96
23,1523.17,1.08,6446.38
24,3944.63,1.25,10754.79
25,1323.01,1.12,5711.71
26,2804.18,1.12,9814.50
27,3552.26,1.04,9081.42
28,2682.34,1.21,7463.42
29,3973.55,1.25,9624.54
30,592.05,1.04,4951.83
31,1580.76,1.17,9322.04
32,4667.72,1.33,11420.29
33,2632.35,2.92,6297.96
34,1107.35,4.00,6808.33
35,2254.35,3.42,9480.33
36,3793.93,2.71,9872.92
37,2152.55,1.33,6691.96
38,901.18,1.58,7081.96
39,3641.22,1.38,11073.38
40,1317.81,1.38,6009.92
41,4802.85,1.33,11818.38
42,2549.89,1.25,6080.38
43,1860.31,1.38,7643.75
44,2589.60,1.62,9062.62
45,2079.10,1.67,7822.83
46,734.43,1.58,6988.67
47,5093.73,2.04,12692.62
48,557.52,1.58,3797.12
49,2923.85,1.54,10699.67
50,1173.27,1.54,6582.75
51,996.06,1.75,8156.12
52,2534.98,1.92,9872.25
53,2249.89,2.08,8048.25
54,3582.89,1.58,9666.33
55,2196.89,2.46,6947.33
56,1149.89,1.79,7286.33
57,4386.77,2.08,11570.21
58,1821.35,1.67,5767.92
59,4348.52,1.75,10860.50
60,1725.85,2.04,5710.67
61,877.94,1.54,7485.42
62,1354.94,1.75,8810.33
63,4281.69,1.75,11260.08
64,415.86,2.12,4467.50
65,3340.56,2.04,11258.04
66,1646.27,2.33,6639.04
67,852.73,2.08,7539.79
68,3149.98,2.62,10630.58
69,3389.15,2.25,8572.50
70,933.86,1.62,5878.04
71,1481.28,4.08,8880.75
72,4223.32,2.96,11075.38
73,317.32,1.88,4427.33
74,5169.94,4.29,13185.96
75,1192.19,1.50,4355.58
76,3844.86,1.96,10986.00
77,3031.19,1.71,7519.67
78,987.44,1.88,6289.58
79,3976.69,1.92,11322.58
80,3470.69,1.75,7827.33
81,1883.65,1.46,6746.29
82,3529.07,2.04,9978.75
83,2854.24,1.75,7658.50
84,2557.95,1.92,8037.04
85,492.36,1.96,6267.75
86,203.03,1.75,8044.00
87,1601.32,1.96,9731.62
88,3665.45,1.67,10397.46
89,3636.95,1.58,8304.83
90,1360.70,1.62,6057.08
91,3319.70,2.17,10292.33
92,3797.87,1.96,8811.50
93,1926.91,2.21,6462.38
94,3497.78,2.50,9904.21
95,1713.49,3.29,6549.04
96,4064.37,5.62,10684.21
97,2435.37,3.71,6704.33
98,1918.28,4.33,7816.25
99,4024.78,5.92,10439.83
100,526.45,3.79,4835.00
101,1046.66,4.92,8853.54
102,4479.03,5.88,11765.71
103,1790.99,5.12,5645.29
104,3141.87,6.38,9684.21
105,3407.54,4.50,8599.00
106,1027.29,4.67,5953.08
107,4980.54,5.92,12286.58
108,2484.25,5.12,5837.04
109,549.12,3.25,6398.21
110,1508.79,5.33,9293.00
111,3436.29,4.79,10260.83
112,1329.66,3.83,6226.71
113,4193.46,5.46,11197.12
114,2866.54,4.67,7006.42
115,861.66,3.38,6328.46
116,1598.96,5.46,9070.62
117,4200.21,5.38,10934.58
118,1364.50,3.96,5497.62
119,1301.29,2.12,8270.12
120,1372.75,1.75,8404.79
121,1640.33,2.04,8600.92
122,1392.54,1.79,8085.54
123,3020.63,2.29,9961.42
124,470.63,1.75,5783.33
125,1042.84,4.88,8905.54
126,853.25,3.54,8143.75
127,665.54,1.96,8145.62
128,1743.54,2.21,9411.33
129,3836.00,2.46,10425.79
130,2541.30,2.42,7038.62
131,2514.30,3.12,8306.33
132,950.59,2.96,6769.62
133,592.38,1.88,7975.12
134,4393.92,2.04,12134.88
135,2710.21,1.38,6649.62
136,1878.96,1.38,7502.08
137,3586.84,1.62,10041.21
138,2540.76,1.83,7287.25
139,3189.09,1.62,8981.67
140,881.30,1.92,6025.54
141,3808.38,2.08,11260.42
142,2556.30,1.62,7081.25
143,2188.09,1.83,7965.12
144,3866.30,1.79,10011.54
145,921.55,2.42,5388.58
146,4999.05,2.38,12410.83
147,780.63,1.71,4114.92
148,2389.18,1.96,9941.88
149,4261.63,1.79,10205.79
150,2826.97,1.62,6898.67
151,2553.72,1.75,8060.08
152,3897.80,1.79,9677.42
153,2241.93,2.04,6677.46
154,3383.09,6.79,9474.50
155,2015.60,4.42,6965.83
156,3975.18,7.12,10292.92
157,2444.68,4.12,6802.83
158,3233.47,2.62,9122.12
159,3339.05,1.75,8438.92
160,2428.05,1.12,7422.33
161,4188.06,1.25,10093.33
162,2443.26,1.08,6588.54
163,2901.10,1.38,8791.17
164,4005.26,1.50,9437.50
165,2534.64,1.54,6862.71
166,3205.68,1.50,9004.38
167,2886.76,1.67,8014.42
168,2988.31,1.92,8434.88
169,2332.35,2.00,7677.38
170,3890.52,1.83,9891.50
171,3023.43,1.88,7466.25
172,270.35,1.88,5580.25
173,5322.02,2.83,13385.00
174,1216.52,1.54,4227.83
175,3858.06,2.12,10974.88
176,1152.39,1.58,5627.67
177,4380.81,2.25,11561.75
178,2268.89,1.71,6221.42
179,1324.06,2.04,7388.50
180,1581.19,2.33,8590.46
181,1955.35,2.29,8707.50
182,1257.02,2.25,7635.00
183,1078.52,1.92,8154.83
184,318.73,1.88,7573.54
185,4865.73,2.25,12880.33
186,1994.77,1.62,5462.38
187,2427.94,2.04,8766.50
188,4250.98,1.62,10156.38
189,1102.77,1.83,5185.12
190,2661.19,6.42,9891.75
191,4132.11,5.08,9804.25
192,2910.32,4.75,7111.54
193,2995.02,2.38,8418.04
194,3608.15,2.50,8946.46
195,3155.82,1.83,7881.00
196,2875.57,1.96,8053.08
197,2729.36,1.54,8187.12
198,3594.61,1.62,9198.58
199,994.40,1.62,5733.12
200,4956.98,1.71,12295.92
201,1232.36,1.46,4608.71
202,3839.53,2.21,10940.50
203,2635.36,2.00,7129.17
204,2556.40,2.04,8254.38
205,3186.95,1.75,8963.88
206,1167.32,1.67,6313.71
207,3010.61,1.08,10176.62
208,1712.74,1.08,7035.46
209,2048.78,0.83,8669.38
210,3335.20,1.25,9619.75
211,731.15,1.08,5729.29
212,1231.45,1.25,8833.62
213,902.70,1.33,8004.58
214,1669.12,1.29,9099.75
215,3306.24,1.42,9970.46
216,3304.57,1.58,8331.67
217,2808.95,2.08,7837.71
218,4061.45,3.75,9585.83
219,2929.87,2.83,7201.75
220,1321.70,3.29,6725.17
221,2462.28,3.50,9473.92
222,3307.53,4.38,9178.58
223,1272.28,4.33,6298.08
224,4593.95,3.79,11655.00
225,1899.74,4.08,5639.12
226,1425.95,4.38,7859.54
227,4795.83,4.46,11703.21
228,2566.49,2.79,6104.00
229,1721.29,3.12,7488.12
230,4629.12,4.58,11241.17
231,2673.45,2.92,6377.67
232,1020.00,7.25,6679.88
233,3599.33,6.58,10912.67
234,3175.29,3.38,7909.29
235,2874.37,3.79,8032.42
236,2868.54,7.50,8327.50
237,1070.00,3.67,6534.79
238,3960.25,6.62,11223.58
239,3493.25,5.04,7866.33
240,1467.96,2.71,6308.04
241,3167.91,5.38,10033.29
242,3911.17,6.42,9076.58
243,3009.04,4.25,7431.21
244,3074.00,7.17,8398.29
245,3909.21,4.38,9168.54
246,588.29,3.42,5012.42
247,963.25,4.54,8708.29
248,3820.50,5.21,11190.58
249,1992.67,5.54,6505.50
250,2463.88,6.54,8804.54
251,3098.63,3.46,8968.08
252,3435.96,3.79,8670.67
253,425.63,6.62,5323.00
254,1662.80,5.54,9570.50
255,4172.75,8.42,10843.29
256,2371.05,3.58,6531.62
257,4289.96,3.67,10252.25
258,2852.84,8.75,6896.21
259,3033.34,3.75,8513.83
260,1501.13,7.00,6801.12
261,3379.38,3.96,10211.58
262,1419.80,3.08,6373.75
263,2088.88,6.38,9002.42
264,2541.17,2.88,8785.62
265,1237.96,6.12,7030.12
266,3472.97,6.42,10568.33
267,3230.92,2.96,8091.29
268,1541.88,4.21,6644.29
269,4588.47,3.83,11379.92
270,1925.51,2.42,5670.38
271,3208.55,1.67,9616.38
272,2393.26,1.75,7518.04
273,3290.55,1.83,9230.62
274,1578.30,1.96,6621.08
275,2371.59,6.21,9126.62
276,3798.93,5.67,9760.67
277,2603.64,4.00,7138.04
278,4171.01,2.12,9900.71
279,2921.55,4.88,7083.88
280,439.85,2.96,5851.62
281,3334.30,2.54,11227.79
282,652.55,3.46,5651.58
283,3799.47,2.21,11480.25
284,1130.47,1.58,5664.33
285,1045.35,1.54,8248.21
286,2984.68,1.75,10272.67
287,4001.60,2.38,9350.25
288,1067.22,2.17,5398.96
289,3930.51,2.38,11196.62
290,1909.10,4.17,6311.92
291,4028.77,3.58,10453.00
292,2453.68,2.88,6758.25
293,1025.81,2.38,6905.46
294,4480.98,3.00,11788.50
295,1675.02,3.21,5527.38
296,1484.81,3.96,8143.12
297,4481.27,3.58,11329.79
298,2230.56,2.17,6082.62
299,3817.02,2.50,9919.79
300,1768.81,2.21,6285.12
301,2234.77,2.33,8799.29
302,2305.39,2.67,8403.96
303,3836.19,2.25,9864.12
304,2201.81,1.96,6698.96
305,3801.69,8.00,9933.21
306,1836.85,4.50,6368.50
307,1512.56,4.79,8009.04
308,4114.27,3.21,10935.04
309,1595.40,2.62,5814.46
310,220.23,2.29,6958.17
311,5239.69,2.42,13352.79
312,2386.40,2.88,5480.04
313,1151.15,2.46,7098.08
314,3742.65,9.50,10924.83
315,1275.07,4.67,5865.75
316,1781.61,4.08,8839.88
317,2127.82,5.00,8679.54
318,2569.44,3.92,8774.96
319,1304.15,3.38,7068.04
320,4698.36,3.96,11727.54
321,2640.11,2.83,6275.08
322,3174.23,18.46,8867.46
323,1801.28,2.71,6960.38
324,4063.61,2.50,10595.67
325,2688.24,2.46,6957.96
326,1768.99,3.58,7414.08
327,4074.82,3.38,10639.17
328,580.95,2.75,4839.46
329,5190.28,3.79,12942.67
330,2202.78,5.33,5345.83
331,2556.99,3.00,8687.54
332,2905.36,2.88,8681.71
333,2539.78,2.50,7967.75
334,375.70,2.67,6169.25
335,3970.24,2.04,11927.88
336,1373.53,2.04,5736.62
337,1351.36,15.29,8311.17
338,4791.66,2.42,11773.63
339,2582.57,2.46,6124.25
340,3165.95,2.38,8916.71
341,3760.03,2.50,8927.42
342,3077.08,4.00,7650.38
343,1861.95,2.33,7118.21
344,1443.53,2.46,7914.92
345,1059.66,2.08,7949.46
346,2314.33,2.42,9588.00
347,4304.87,2.83,10323.88
348,2800.24,2.12,6828.71
349,3094.03,3.04,8627.12
350,3925.20,2.08,9164.50
351,3002.74,2.75,7410.88
352,2973.79,2.33,8304.38
353,4009.66,3.46,9369.21
354,754.95,2.62,5078.62
355,1020.20,5.25,8598.58
356,4984.54,2.71,12297.67
357,2479.91,2.71,5828.71
358,2643.66,2.96,8497.08
359,4146.91,3.38,9836.58
360,2877.66,2.96,7064.08
361,1689.66,3.29,7145.33
362,4626.46,3.92,11270.12
363,2671.41,2.12,6378.29
364,1199.25,2.96,6861.17
365,4872.62,2.25,12006.71
366,1855.71,2.04,5316.42
367,3575.08,2.12,10052.71
368,1871.88,2.17,6630.12
369,2537.62,2.67,8999.08
370,2996.42,2.38,8792.12
371,3978.33,2.83,9315.25
372,2355.46,1.96,6710.46
373,730.21,1.88,6708.08
374,4665.46,5.50,12268.58
375,2628.34,3.75,6296.21
376,2505.96,3.29,8210.96
377,3000.21,4.08,8827.58
378,3138.75,2.33,8471.88
379,2897.38,2.38,8091.96
380,1092.84,2.12,6528.79
381,1127.38,3.12,8367.88
382,4073.42,8.38,11279.38
383,1861.96,8.58,6121.88
384,4014.46,8.17,10485.83
385,2530.80,5.83,6849.67
386,3774.76,7.96,9577.29
387,3067.84,5.17,7626.42
388,1066.01,4.33,6331.50
389,4941.47,3.62,12208.79
390,2489.22,3.50,5881.08
391,1525.55,1.50,7369.67
392,4703.26,1.88,11511.04
393,2114.34,1.33,5744.42
394,2815.76,2.38,9034.75
395,1487.63,2.46,7005.21
396,3525.88,3.38,10371.58
397,1488.18,2.04,6295.62
398,4431.30,2.17,11276.46
399,2733.72,1.67,6635.75
400,2145.80,1.62,7745.42
401,4385.68,2.29,10573.21
402,2762.55,2.29,6710.21
403,3077.01,2.50,8647.79
404,3923.18,2.29,9179.50
405,2988.97,2.17,7399.12
406,761.64,2.00,6106.00
407,4984.01,2.08,12555.71
408,2022.26,2.54,5371.58
409,3450.14,2.75,9761.21
410,2895.51,2.92,7778.71
411,790.68,2.38,6228.50
412,4067.39,2.83,11610.04
413,3431.47,2.75,7697.42
414,3255.81,2.88,8157.67
415,2446.14,3.75,7523.67
416,4247.72,3.83,10134.92
417,1875.68,0.50,5961.29
418,3346.97,0.42,9804.62
419,3803.68,5.54,8790.04
420,3054.93,4.50,7584.58
421,2694.73,5.62,7973.12
422,4141.98,5.50,9780.58
423,2236.68,4.58,6428.04
424,1725.48,8.58,7822.12
425,3408.48,3.12,10016.33
426,2257.69,2.25,7182.54
427,1574.81,1.71,7650.46
428,4731.85,3.08,11490.38
429,2583.40,2.29,6184.88
430,3186.98,2.62,8936.92
431,3407.36,2.79,8553.71
432,1439.56,2.38,6365.54
433,3397.36,2.83,10291.12
434,3229.44,2.33,8165.42
435,3359.98,3.12,8463.88
436,2816.65,3.54,7790.00
437,4059.73,3.25,9576.42
438,917.40,2.67,5191.00
439,2971.36,43.04,10387.29
440,1015.23,5.25,6377.21
441,4479.61,6.67,11797.71
442,1434.78,4.21,5288.50
443,1934.32,2.42,8832.88
444,692.28,2.00,7091.29
445,604.86,1.54,8245.92
446,2965.99,2.00,10694.46
447,3123.94,2.33,8491.29
448,1085.61,2.29,6295.00
449,2670.11,2.62,9917.83
450,3201.24,2.17,8864.46
451,1420.82,1.79,6552.92
452,3750.65,2.92,10663.17
453,3089.40,3.12,7672.08
454,593.03,2.88,5836.96
455,3028.28,4.29,10768.58
456,1443.28,2.00,6748.33
457,3753.03,3.25,10643.08
458,1346.86,2.38,5927.17
459,4306.91,3.38,11293.38
460,2276.86,2.54,6303.29
461,2447.41,3.08,8503.88
462,2278.74,2.92,8164.67
463,1680.70,5.88,7735.29
464,4387.32,3.71,11039.96
465,2608.62,2.00,6554.62
466,839.87,2.25,6564.58
467,2576.28,2.92,10069.75
468,3104.91,3.25,8861.96
469,2900.03,2.25,8128.46
470,972.08,2.33,6405.38
471,2950.58,3.62,10311.83
472,500.24,2.25,5883.00
473,4490.12,3.54,12323.21
474,2597.95,2.92,6441.17
475,2443.12,2.08,8178.50
476,4247.04,2.46,10137.25
477,1799.75,2.17,5886.04
478,1139.00,1.96,7672.58
479,4909.41,1.75,12103.75
480,2065.91,1.42,5489.83
481,2258.37,4.12,8525.79
482,4338.08,3.54,10413.04
483,1001.87,2.21,4997.12
484,3575.75,1.83,10907.21
485,3706.71,2.08,8464.29
486,1759.33,2.12,6385.96
487,3618.25,1.88,10192.25
488,1862.91,1.88,6578.00
489,2013.42,5.38,8483.83
490,646.17,4.50,6966.08
491,5171.33,6.62,12858.50
492,2375.62,4.75,5537.62
493,1679.08,4.21,7636.79
494,4638.25,5.08,11292.50
495,1571.79,3.54,5266.88
496,3680.21,3.75,10441.75
497,3711.75,3.00,8364.88
498,1595.67,2.46,6217.25
499,3668.79,2.96,10406.46
500,2364.29,2.88,7028.83
501,2802.17,4.75,8771.21
502,3058.30,2.75,8589.46
503,3927.67,4.12,9202.71
504,3100.00,4.00,7505.67
505,1174.21,767.17,6407.54
506,4516.63,4.79,11675.75
507,1946.55,3.38,5763.25
508,3499.67,3.75,9886.46
509,3742.13,5.38,8575.79
510,3103.97,3.29,7695.17
511,1038.80,2.67,6268.17
512,2547.30,3.29,9841.83
513,3700.09,3.38,9486.12
514,2048.13,3.08,6681.38
515,2451.18,2.29,8736.38
516,904.97,2.17,6787.12
517,3640.30,6.62,11068.67
518,3219.84,4.46,7912.88
519,3381.18,3.46,8494.67
520,2450.76,3.46,7402.92
521,1059.09,2.92,6941.67
522,1274.55,3.25,8548.79
523,2366.09,6.92,9424.88
524,2574.76,3.92,8542.00
525,3720.14,4.54,9478.71
526,2071.80,3.25,6685.00
527,3339.60,4.79,9601.12
528,3334.80,4.50,8328.54
529,2794.72,3.75,7793.25
530,3625.22,3.75,9163.83
531,3175.64,3.08,7883.75
532,2882.43,3.92,8040.12
533,1190.68,3.21,6641.58
534,2030.76,3.12,9173.42
535,3468.56,4.88,9771.12
536,3739.18,3.46,8603.96
537,3098.81,3.08,7692.96
538,2952.35,3.79,8186.88
539,1169.72,2.83,6550.71
540,4386.06,3.71,11549.67
541,1310.48,2.88,5257.75
542,3666.60,2.96,10689.46
543,3115.73,3.50,7782.46
544,786.35,2.92,6003.96
545,4177.31,3.54,11724.29
546,2882.43,3.08,7038.46
547,3211.77,3.33,8662.67
548,2463.89,5.92,7585.46
549,1060.98,7.38,6930.42
550,3581.31,5.08,10853.67
551,3706.35,4.71,8458.38
552,3128.77,3.17,7755.75
553,1929.69,4.29,7134.25
554,2715.23,3.00,9118.88
555,3718.19,3.50,9336.29
556,2607.02,3.42,7222.17
557,4189.52,4.04,9915.83
558,2870.98,2.79,7014.79
559,3043.52,2.71,8505.88
560,1647.86,2.62,6937.67
561,4168.86,3.58,10854.33
562,2299.52,2.42,6464.00
563,4314.57,3.83,10348.38
564,2800.02,3.58,6818.79
565,1586.28,3.00,7119.58
566,1894.03,2.50,8641.08
567,2415.82,3.08,8855.12
568,712.69,3.00,6630.21
569,5154.36,5.00,12775.00
570,1670.61,3.71,4849.58
571,2155.65,3.50,8818.38
572,2004.11,2.88,8181.79
573,3959.15,3.92,10288.38
574,2509.49,6.12,6883.67
575,4208.19,4.71,10032.04
576,2868.03,4.33,6993.17
577,2570.74,3.92,8036.04
578,4177.24,2.42,9939.83
579,2665.11,3.54,6821.21
580,3139.24,3.21,8807.46
581,3901.49,2.96,9095.58
582,2704.28,5.08,7136.12
583,1778.74,3.17,7407.79
584,3802.99,4.12,10357.58
585,3059.07,3.00,7589.42
586,2969.70,2.17,8243.96
587,3054.74,2.75,8418.38
588,3436.95,2.54,8715.54
589,2750.74,3.38,7647.12
590,1262.58,2.88,6845.17
591,2116.49,3.21,9187.25
592,2369.91,3.67,8586.75
593,1414.28,3.42,7377.71
594,2962.58,3.62,9881.62
595,978.33,3.04,6349.08
596,4980.03,2.96,12335.04
597,1040.37,2.12,4393.67
598,3947.24,2.54,11240.21
599,1961.20,2.62,6347.29
600,3988.87,4.08,10361.00
601,2459.08,3.12,6803.54
602,4271.70,3.54,10145.96
603,2831.20,3.88,6892.83
604,1988.12,2.79,7490.25
605,4502.91,4.54,10848.12
606,689.21,2.71,4519.62
607,4148.83,2.67,11792.96
608,3419.71,7.50,7604.21
609,3257.08,6.75,8170.71
610,2819.25,5.92,7895.50
611,1883.58,3.58,7397.67
612,4043.92,4.50,10493.67
613,3046.83,3.33,7336.25
614,1541.83,5.21,6828.33
615,3064.54,3.50,9856.04
616,2965.00,3.79,8233.79
617,3992.75,3.25,9361.08
618,760.21,2.54,5100.79
619,1257.34,3.42,8830.46
620,3303.09,3.04,10379.08
621,2195.09,2.38,7225.33
622,3381.54,2.96,9519.79
623,3807.63,3.62,8759.42
624,2501.71,3.21,7027.42
625,1121.21,22.50,6952.83
626,4921.46,3.75,12133.58
627,2507.09,21.92,5918.96
628,3205.05,2.21,9031.29
629,3862.63,2.79,8990.92
630,1955.59,2.83,6426.29
631,2066.71,2.96,8444.46
632,3854.59,5.38,10121.21
633,1862.38,3.62,6341.12
634,3541.47,2.79,10012.42
635,3008.09,3.46,7799.96
636,3148.01,4.08,8473.25
637,517.22,7.21,5702.54
638,5209.84,5.62,13025.96
639,2358.93,4.04,5482.42
640,621.47,3.33,6595.88
641,1096.92,3.04,8808.79
642,687.84,2.92,7924.25
643,3392.01,4.42,11037.50
644,3774.30,2.88,8715.62
645,825.01,2.17,5384.04
646,4081.43,3.67,11589.75
647,1695.14,3.38,5947.04
648,969.97,2.50,7608.17
649,2639.01,2.46,10002.38
650,2511.76,3.12,8206.08
651,3717.43,2.46,9539.00
652,2639.14,2.88,7255.04
653,4150.64,4.29,9844.83
654,2887.14,2.62,7069.83
655,2464.76,2.46,7910.96
656,4252.81,3.67,10121.38
657,2833.97,2.67,6914.50
658,3075.14,4.33,8574.50
659,3354.51,2.75,8612.71
660,3071.76,2.71,8050.58
661,923.18,3.46,6184.75
662,5013.85,4.21,12424.00
663,1330.72,2.71,4650.21
664,1474.85,2.62,8477.46
665,4731.93,4.21,11590.42
666,1584.77,3.33,5186.17
667,1318.35,2.12,8066.92
668,4917.60,5.38,11932.58
669,1566.06,3.75,4981.79
670,2432.39,3.33,9199.67
671,4256.31,4.54,10157.25
672,2019.98,3.25,6097.00
673,1059.10,2.83,7372.46
674,4940.48,2.96,12214.71
675,1193.69,2.17,4586.54
676,3582.10,3.92,10721.75
677,3691.35,5.54,8442.58
678,3125.94,3.38,7767.92
679,570.48,2.83,5777.88
680,5178.73,3.42,12941.58
681,2384.90,2.58,5539.50
682,3264.77,3.08,9213.21
683,3830.94,3.21,8899.50
684,3041.90,4.58,7544.29
685,434.61,2.75,5726.04
686,201.94,3.62,8100.67
687,1389.86,2.62,9521.25
688,340.28,2.92,7283.75
689,937.40,2.67,8930.46
690,588.98,2.58,7984.92
691,4154.57,2.96,11898.92
692,3397.23,3.00,7576.00
693,3274.03,2.92,8210.12
694,2846.44,2.42,7905.75
695,2217.82,2.54,7704.71
696,3867.36,3.88,9982.88
697,947.99,3.96,5413.96
698,1444.86,3.38,8830.21
699,1934.82,2.75,8823.29
700,1823.07,2.88,8221.58
701,4340.36,2.71,10850.62
702,2814.70,2.46,6807.67
703,1773.57,2.12,7292.21
704,2767.57,2.88,9327.33
705,3246.99,2.62,8812.75
706,2860.07,2.42,7946.42
707,4054.20,2.25,9527.46
708,3533.99,3.50,7813.12
709,653.03,2.83,5452.38
710,3414.16,2.92,11094.46
711,3259.82,2.21,8179.00
712,2856.41,2.58,7929.92
713,4050.41,2.92,9527.33
714,658.62,2.58,4941.54
715,2439.95,3.50,10114.67
716,1452.74,2.79,7346.12
717,1274.78,2.88,8155.38
718,1672.58,3.04,8731.12
719,2409.45,2.46,9070.21
720,2982.70,4.04,8906.58
721,2898.29,2.75,8248.92
722,915.20,3.67,6350.25
723,4533.91,3.08,11952.04
724,2216.41,2.50,6015.83
725,4342.74,2.38,10459.67
726,2795.29,2.62,6785.88
727,3083.37,3.25,8621.42
728,4803.20,4.33,10053.17
729,2440.95,5.00,5971.08
730,2702.70,4.75,8595.08
731,4329.21,6.62,9959.83
732,749.79,4.42,4753.92
733,2598.96,7.29,10182.50
734,2367.33,8.96,8101.71
735,3797.29,7.12,9763.29
736,2555.00,3.21,7091.04
737,3653.79,3.62,9432.12
738,1818.75,3.08,6498.29
739,3627.33,101.62,10141.92
740,3593.17,2.29,8299.17
741,2399.63,3.79,7139.79
742,1393.38,3.38,7327.08
743,2886.09,3.04,9826.04
744,3529.13,3.12,8976.38
745,2702.17,3.92,7506.38
746,2603.09,3.75,8234.25
747,3391.38,4.00,9121.62
748,1866.84,3.50,6808.79
749,5115.38,3.33,11581.88
750,2411.92,4.50,5629.88
751,2985.09,3.08,8906.50
752,3959.96,2.79,9308.21
753,1069.84,2.42,5443.21
754,4160.71,3.25,11424.21
755,930.80,2.92,5103.42
756,2061.51,2.71,9464.04
757,2544.26,3.33,8816.08
758,4509.92,2.83,10299.00
759,2700.05,3.08,6523.46
760,2509.09,2.54,8142.38
761,1303.42,3.29,7127.67
762,4257.22,3.67,11287.12
763,2326.34,3.54,6402.46
764,2731.38,3.71,8738.38
765,3591.18,2.88,9193.12
766,1596.22,2.83,6338.38
767,4678.30,2.96,11415.42
768,2620.26,2.58,6275.29
769,1206.84,2.29,6919.92
770,4901.47,1.79,12027.96
771,2533.43,3.92,5965.29
772,338.97,3.25,6138.88
773,3011.64,3.79,11006.00
774,1080.55,3.54,6402.25
775,2915.64,3.21,10168.42
776,1148.43,3.12,6566.12
777,4446.31,3.75,11631.21
778,2245.80,3.38,6132.83
779,3309.85,3.71,9397.38
780,1450.60,3.29,6474.08
781,3747.56,2.96,10630.29
782,3593.72,3.33,8179.50
783,2306.97,3.58,7046.58
784,3331.14,4.38,9357.50
785,1010.47,3.79,6012.67
786,878.39,4.33,8201.25
787,3725.02,4.50,11179.96
788,3643.22,4.96,8251.54
789,1345.93,3.88,6036.04
790,2701.73,4.88,9689.12
791,2172.27,4.04,7803.88
792,1403.35,3.04,7564.42
793,3773.81,3.50,10703.79
794,3579.77,2.62,8139.29
795,3196.10,3.83,7949.67
796,1587.89,3.25,6725.12
797,2708.94,3.12,9454.38
798,1954.10,2.88,7578.50
799,3561.73,6.00,9940.96
800,1804.06,3.54,6575.67
801,4064.19,2.17,10593.46
802,2470.19,1.75,6739.33
803,1997.40,10.58,7860.54
804,1784.86,1.83,8120.79
805,2442.69,1.75,8991.17
806,314.94,2.21,6205.58
807,850.82,1.38,8869.21
808,4036.94,1.21,11519.46
809,3439.07,1.25,7735.46
810,2116.57,1.17,7010.83
811,3392.73,1.33,9609.50
812,1462.07,1.21,6402.67
813,4112.40,1.67,10983.67
814,2358.23,1.38,6579.17
815,4247.40,1.33,10222.50
816,724.23,0.92,4810.17
817,970.03,1.75,8579.12
818,4789.61,1.92,12152.92
819,1923.94,1.79,5467.67
820,3495.44,1.88,9904.83
821,3722.99,1.58,8560.88
822,3103.03,1.54,7713.38
823,1902.61,2.54,7132.92
824,1692.49,1.50,8123.21
825,4129.45,1.79,10770.29
826,438.99,1.54,4642.88
827,5263.45,4.54,13157.79
828,2333.24,3.33,5403.12
829,3200.82,3.96,9200.92
830,3410.11,3.17,8542.62
831,3274.49,3.25,8197.71
832,310.78,3.21,5369.62
833,2008.53,2.67,10031.08
834,4006.82,4.88,10331.62
835,2447.82,4.08,6774.33
836,2171.24,3.25,8056.75
837,2813.28,3.12,8975.38
838,3093.74,2.62,8613.79
839,3870.62,2.71,9110.21
840,3019.37,2.79,7482.08
841,2965.58,3.25,8279.54
842,4018.70,5.46,9386.46
843,1195.20,4.29,5509.83
844,3880.04,4.92,11018.17
845,1040.74,3.17,5494.04
846,2603.08,2.79,9895.67
847,976.50,3.00,6706.75
848,3565.87,4.46,10922.71
849,780.00,3.75,5547.46
850,4086.50,5.71,11639.83
851,2655.37,4.38,6902.21
852,2154.50,4.00,7832.46
853,1244.95,4.46,7423.79
854,4884.50,4.92,11972.88
855,2588.58,4.50,6037.42
856,3204.87,5.04,8949.62
857,2298.08,2.62,7426.54
858,3848.54,3.04,9883.79
859,930.96,2.75,5415.75
860,3195.67,4.17,10598.04
861,3371.46,2.29,8509.12
862,2814.79,4.29,7776.67
863,2323.50,3.00,7842.04
864,3800.13,2.92,9809.96
865,1319.00,4.00,5852.21
866,3469.25,3.62,10483.58
867,1955.75,2.71,6819.83
868,2021.09,3.00,8398.67
869,2037.92,2.50,8350.17
870,3940.09,3.29,10235.50
871,2516.25,4.42,6909.50
872,1611.55,3.83,7428.62
873,4187.38,3.21,10909.17
874,375.75,2.71,4521.71
875,5273.09,3.67,13230.67
876,1369.67,2.42,4429.92
877,720.71,2.42,7684.38
878,5196.59,2.38,12809.21
879,1320.26,3.75,4457.00
880,288.63,7.29,7301.71
881,3372.26,7.46,11416.96
882,3301.22,8.12,8262.29
883,3508.59,6.42,8540.71
884,3124.09,2.62,7948.83
885,3410.84,3.21,8620.08
886,2760.80,3.17,7683.29
887,4094.80,2.21,9667.33
888,2903.38,2.38,7141.92
889,3014.93,2.33,8444.88
890,959.97,1.92,6278.38
891,3856.84,2.17,11230.21
892,2018.13,2.58,6494.62
893,1569.09,4.38,7884.29
894,4618.93,3.38,11383.17
895,814.64,2.50,4529.04
896,1285.64,3.33,8804.33
897,4325.47,5.21,11373.17
898,2232.93,4.42,6240.79
899,2732.05,2.88,8832.46
900,986.43,2.83,6587.71
901,1016.72,2.33,8363.62
902,1383.60,4.67,8700.21
903,4303.47,4.54,11253.21
904,733.43,3.42,4763.29
905,957.01,6.54,8556.92
906,4348.81,4.04,11725.12
907,2315.47,4.33,6300.00
908,1344.35,3.58,7362.21
909,4334.64,5.71,11323.62
910,1090.47,2.96,5089.17
911,4863.56,3.25,12106.42
912,2553.31,3.00,6023.08
913,247.89,2.58,6027.92
914,4082.14,3.83,12167.58
915,2901.85,3.00,7153.04
916,3047.39,2.96,8478.88
917,3158.43,2.29,8444.38
918,1969.93,2.62,7144.83
919,2470.85,2.58,8834.25
920,1271.02,2.42,7133.50
921,4333.85,2.58,11396.17
922,2304.35,2.42,6303.83
923,3287.89,2.75,9316.88
924,1443.85,4.04,6489.29
925,3525.06,7.00,10414.54
926,1650.98,5.75,6459.25
927,4148.40,4.92,10830.75
928,2428.15,4.00,6613.08
929,4258.81,5.04,10164.00
930,1171.27,3.04,5245.79
931,3819.77,2.71,10981.83
932,1323.77,2.38,5837.33
933,624.07,3.33,7633.62
934,878.98,2.67,8588.25
935,5031.15,4.29,12485.50
936,2470.78,2.54,5772.96
937,460.07,2.75,6322.62
938,3063.40,3.33,10936.67
939,2577.53,4.04,7847.46
940,3169.15,3.50,8924.96
941,2594.99,2.79,7759.17
942,693.78,3.04,6432.12
943,1210.49,2.62,8850.04
944,1632.57,3.50,8755.42
945,1926.49,2.62,8627.25
946,2529.07,3.25,8935.92
947,4209.15,5.50,10013.42
948,1259.49,3.42,5383.67
949,1749.24,2.75,8823.08
950,1649.90,3.29,8234.00
951,2843.07,2.75,9526.50
952,2671.32,2.96,8161.58
953,3403.49,2.29,9065.50
954,2093.49,1.96,7023.33
955,3423.70,2.46,9663.54
956,3819.37,5.29,8729.00
957,3057.45,3.25,7571.42
958,2954.49,3.25,8230.38
959,1867.32,1.88,7246.17
960,4037.20,2.25,10503.21
961,3054.37,4.79,7350.50
962,3939.49,4.96,9218.46
963,2987.70,2.58,7381.54
964,2984.62,2.88,8330.25
965,2648.45,3.54,7997.17
966,1112.58,2.29,6797.46
967,3478.62,3.04,10699.38
968,1068.79,3.21,5923.50
969,3953.62,5.71,11218.17
970,717.08,2.62,5096.79
971,5094.83,1.92,12711.08
972,3083.54,2.58,6322.04
973,2938.79,1.67,8188.58
974,2388.75,4.29,7783.29
975,2535.00,3.58,8479.58
976,3218.29,2.29,9016.62
977,1086.00,2.00,6201.04
978,1549.33,3.58,8796.67
979,1878.41,2.96,8662.42
980,4536.58,3.25,10991.50
981,2719.54,4.00,6516.29
982,3118.04,3.88,8731.83
983,3250.46,1.92,8465.75
984,3151.62,2.50,8234.50
985,2475.92,1.96,7657.62
986,4267.67,2.38,10125.08
987,2829.62,3.33,6895.29
988,3059.00,2.50,8562.71
989,3921.67,7.04,9196.00
990,3026.34,3.08,7438.00
991,2957.88,2.83,8264.88
992,2874.00,2.17,8249.46
993,3410.54,5.25,8869.88
994,1514.29,2.67,6437.08
995,4703.13,2.83,11522.17
996,2622.38,3.88,6252.58
997,790.46,4.33,6501.42
998,1319.17,314.21,8862.04
999,597.34,4.38,7611.50
1000,4092.46,7.04,11828.46
1001,3157.51,5.67,7398.38
1002,3211.01,6.08,8386.83
1003,2896.55,4.54,8018.88
1004,3495.84,7.00,8932.62
1005,3225.01,6.17,8062.50
1006,453.55,2.21,5561.88
1007,5336.76,4.12,13216.54
1008,2315.26,2.83,5311.83
1009,1586.30,3.62,7604.38
1010,1686.97,2.25,8434.00
1011,3649.22,3.25,10295.58
1012,2675.09,3.12,7359.21
1013,1823.97,2.33,7482.21
1014,1296.05,2.04,7805.42
1015,802.43,2.58,7839.71
1016,4502.51,2.17,12033.42
1017,865.39,1.54,4696.21
1018,4062.14,3.58,11530.08
1019,1489.10,24.25,5760.29
1020,4460.60,7.29,11304.83
1021,1133.64,5.67,5006.38
1022,1258.55,4.58,8458.25
1023,3171.39,4.88,10246.17
1024,2649.60,4.38,7811.54
1025,4119.81,1.38,9803.54
1026,2893.05,1.75,7106.58
1027,2925.01,1.58,8365.29
1028,1442.01,1.54,6850.33
1029,4270.14,2.83,11161.46
1030,2223.81,1.79,6287.00
1031,4341.47,1.88,10451.00
1032,2808.97,2.21,6800.83
1033,1224.77,2.42,6749.12
1034,4862.48,3.21,11971.04
1035,2598.22,3.54,6069.08
1036,382.43,3.17,6117.54
1037,2189.81,6.58,10140.71
1038,3884.06,5.46,10027.58
1039,2220.39,4.88,6669.67
1040,4463.35,6.50,10576.29
1041,1835.10,4.25,5705.08
1042,3527.73,1.33,10025.96
1043,2610.02,1.62,7415.62
1044,3649.85,1.46,9373.17
1045,2648.60,1.67,7332.08
1046,4137.48,1.88,9822.21
1047,2880.40,1.33,7076.25
1048,2318.98,2.00,7771.92
1049,4297.23,1.92,10311.58
1050,2364.56,1.88,6400.67
1051,340.81,1.83,6309.58
1052,2240.90,2.33,10233.42
1053,2012.06,4.96,8104.50
1054,3462.57,3.50,9783.83
1055,3711.44,2.50,8582.21
1056,3125.07,2.83,7746.96
1057,1559.90,2.50,6768.17
1058,7762.86,6.83,14536.29
1059,688.94,2.17,1259.42
1060,2544.03,14.92,10188.42
1061,2811.23,4.79,8600.54
1062,3558.11,2.04,9080.21
1063,967.36,3.71,5742.58
1064,3869.28,2.00,11235.25
1065,3019.61,1.79,7483.67
1066,1923.44,1.54,7237.17
1067,4274.36,1.67,10684.25
1068,2830.11,1.62,6889.08
1069,3059.07,1.67,8562.29
1070,3935.99,2.42,9210.25
1071,1155.15,1.92,5552.50
1072,3886.24,2.08,11064.42
1073,2526.53,1.75,6973.62
1074,2415.61,2.38,8222.42
1075,2454.49,13.46,8372.21
1076,4190.82,2.42,10069.67
1077,2861.70,1.83,7004.21
1078,2500.45,2.29,7972.08
1079,4209.03,2.33,10041.92
1080,2873.24,2.21,6997.54
1081,3042.16,2.50,8502.25
1082,3937.99,2.83,9229.17
1083,2994.49,1.96,7389.83
1084,2509.53,1.54,7848.38
1085,1240.49,2.17,7064.29
1086,3779.95,2.12,10872.79
1087,2623.87,2.08,7177.25
1088,4190.87,3.42,9900.33
1089,1988.83,5.96,6131.29
1090,3478.45,3.38,9822.96
1091,3717.83,2.21,8572.71
1092,1050.33,2.12,5665.83
1093,4000.20,2.33,11283.21
1094,3457.83,2.38,7790.96
1095,3248.87,2.33,8124.38
1096,2855.41,1.79,7939.88
1097,4047.16,2.12,9525.08
1098,1449.62,1.75,5735.79
1099,843.87,4.58,7727.58
1100,4532.83,2.79,12022.29
1101,2713.33,2.75,6513.83
1102,2236.04,3.42,7856.04
1103,3708.21,2.08,9805.50
1104,2045.16,2.38,6670.29
1105,3441.21,3.00,9729.38
1106,3771.33,1.96,8663.46
1107,3075.12,2.29,7637.12
1108,2937.71,2.46,8195.92
1109,3993.00,2.33,9388.62
1110,2972.04,2.62,7312.38
1111,819.96,2.46,6181.25
1112,3676.46,2.92,11189.83
1113,3150.38,2.79,7807.25
1114,2291.79,4.79,7474.75
1115,4336.25,4.54,10377.79
1116,2821.13,3.46,6818.21
1117,1894.88,2.75,7407.08
1118,4520.92,2.25,10959.38
1119,2079.13,2.33,5891.54
1120,849.80,3.29,7104.00
1121,1777.75,2.58,9261.29
1122,4088.17,4.46,10643.75
1123,2420.05,1.88,6665.21
1124,2384.71,1.54,8298.00
1125,3763.13,2.58,9711.75
1126,1063.21,1.25,5633.42
1127,3697.17,1.00,10967.29
1128,1676.01,1.25,6312.17
1129,3623.05,1.17,10280.38
1130,3651.63,1.12,8361.92
1131,2291.51,1.08,6973.21
1132,3309.67,1.54,9351.50
1133,3800.97,1.21,8824.62
1134,3056.88,1.33,7589.25
1135,2931.72,1.83,8208.17
1136,2111.55,1.17,7513.17
1137,1172.97,2.38,7394.75
1138,313.26,2.79,7473.62
1139,2949.18,2.92,10969.25
1140,739.51,2.54,6123.67
1141,199.26,2.75,7793.08
1142,867.47,2.46,9001.54
1143,522.89,2.67,7988.75
1144,191.39,1.38,8001.83
1145,858.89,1.17,9000.83
1146,520.22,1.12,7994.67
1147,184.64,0.17,7997.75
1148,856.56,0.25,9005.25
1149,521.43,0.25,7998.21
1150,184.51,0.21,7996.42
1151,855.81,0.21,9004.62
1152,524.85,1.96,8002.38
1153,186.14,0.17,7994.62
1154,853.35,0.17,9000.54
1155,536.72,2.25,8016.71
1156,197.47,0.38,7994.08
1157,869.35,2.92,9005.21
1158,543.89,4.58,8007.88
1159,187.31,0.42,7976.75
1160,871.64,2.96,9017.67
1161,521.85,0.33,7983.54
1162,336.39,2.79,8147.88
1163,862.73,1.83,8859.67
1164,520.94,0.42,7991.54
1165,215.10,4.29,8027.50
1166,4870.39,0.46,12988.62
1167,518.89,0.17,3981.83
1168,189.31,0.17,8003.75
1169,850.35,0.12,8994.38
1170,553.06,7.04,8036.04
1171,191.94,0.58,7972.21
1172,882.02,4.79,9023.42
1173,524.56,0.46,7975.88
1174,189.02,0.12,7997.79
1175,885.02,4.04,9029.33
1176,519.65,0.62,7967.96
1177,207.77,3.21,8021.46
1178,859.36,0.50,8984.92
1179,519.44,0.12,7993.42
1180,214.07,5.62,8027.96
1181,855.94,0.54,8975.21
1182,552.11,4.58,8029.50
1183,189.78,0.58,7971.00
1184,849.94,0.12,8993.50
1185,543.73,4.33,8027.12
1186,197.32,0.54,7986.92
1187,868.49,3.12,9004.50
1188,525.44,0.50,7990.29
1189,187.61,0.12,7995.50
1190,884.53,6.21,9030.25
1191,524.86,0.42,7973.67
1192,209.19,3.38,8017.67
1193,856.40,0.83,8980.54
1194,546.78,2.88,8023.71
1195,208.07,3.88,7994.62
1196,861.86,0.58,8987.12
1197,523.99,0.12,7995.46
1198,213.24,6.08,8022.58
1199,862.95,0.75,8983.04
1200,530.07,3.08,8000.46
